Historische Ereignisse||||||"=CONCATENATE(RIGHT(L4;4);""-"";RIGHT(LEFT(L4;5);2);""-"";LEFT(L4;2))"|||||||||||
|||||||||||||||||
id|name|location|lat|long|region|startYear|startMonth|startDay|endYear|endMonth|endDay|displayDate|isImp|category|description|multimedia|link
H-1|Friede von Frankfurt|Frankfurt|50.968|11.333||1871|05|10||||10.05.1871|0|norm|Der zwischen der Französischen Republik und dem Deutschen Reich geschlossene Friede von Frankfurt wurde am 10. Mai 1871 in Frankfurt am Main unterzeichnet und beendete formell den Deutsch-Französischen Krieg. Faktisch bestätigte und ergänzte der Frankfurter Friede den am 26. Februar in Versailles geschlossenen Vorfrieden von Versailles.|M-1|http://de.wikipedia.org/wiki/Friede_von_Frankfurt
H-2|Berliner Kongress|Berlin|52.520|13.405||1878|06|13|1878|07|13|1878|0|norm|Der Berliner Kongress war eine Versammlung von Vertretern der europäischen Großmächte Deutsches Reich, Österreich-Ungarn,Frankreich, Vereinigtes Königreich, Italien und Russland sowie des Osmanischen Reiches, auf der die Balkankrise beendet und eine neue Friedensordnung für Südosteuropa ausgehandelt wurde. Der in Berlin stattfindende Kongress begann am 13. Juni 1878 und endete am 13. Juli 1878 mit der Unterzeichnung des Berliner Vertrages.|M-2|http://de.wikipedia.org/wiki/Berliner_Kongress
H-3|Kongokonferenz|Berlin|52.520|13.405||1884|11|15|1885|02|26|1884-1885|0|norm|Die Kongokonferenz (oder Westafrika-Konferenz) fand vom 15. November 1884 bis zum 26. Februar 1885 auf Einladung des deutschen Reichskanzlers Bismarck in Berlin statt und sollte die Handelsfreiheit am Kongo und am Niger regeln. Sie wird auch als Berliner Konferenz bezeichnet (allerdings nicht zu verwechseln mit dem Berliner Kongress 1878). Ihr Schlussdokument, die Kongoakte, bildete die Grundlage für die Aufteilung Afrikas in Kolonien.|M-3|http://de.wikipedia.org/wiki/Kongokonferenz
H-4|Tod Bismarcks|Friedrichsruh|53.529|10.337||1898|07|30||||30.07.1898|1|imp|Otto Eduard Leopold von Bismarck-Schönhausen, ab 1865 Graf, ab 1871 Fürst von Bismarck, ab 1890 Herzog zu Lauenburg[1] (* 1. April 1815 inSchönhausen; † 30. Juli 1898 in Friedrichsruh bei Hamburg) war ein deutscher Politiker und Staatsmann. Von 1862 bis 1890 – mit einer kurzen Unterbrechung im Jahr 1873 – war er Ministerpräsident von Preußen, von 1867 bis 1871 zugleich Bundeskanzler des Norddeutschen Bundes sowie von 1871 bis 1890 erster Reichskanzler des Deutschen Reiches, dessen Gründung er maßgeblich vorangetrieben hatte.|M-4|http://de.wikipedia.org/wiki/Otto_von_Bismarck
H-5|Hunnenrede|Bremerhaven|53.540|8.581||1900|07|27||||27.07.1900|1|imp|Die sogenannte „Hunnenrede“ hielt Wilhelm II. am 27. Juli 1900 in Bremerhaven bei der Verabschiedung des deutschen Ostasiatischen Expeditionskorpszur Niederschlagung des Boxeraufstandes im Kaiserreich China. Die wohl bekanntesten offiziellen und inoffiziellen Zitate dieser Rede lauteten: „Pardon wird nicht gegeben! Gefangene werden nicht gemacht!“|M-5|http://de.wikipedia.org/wiki/Hunnenrede
H-6|Petersburger Blutsonntag|St. Petersburg|59.934|30.335||1905|01|22||||22.01.1905|0|norm|Der Petersburger Blutsonntag (auch Blutiger Sonntag, Roter oder Schwarzer Sonntag) des Jahres 1905 war ein Ereignis in der Geschichte des Russischen Kaiserreichs und Teil der Russischen Revolution von 1905.|M-6|http://de.wikipedia.org/wiki/Petersburger_Blutsonntag
H-7|Zweite Japanisch-Koreanische Übereinkunft|Seoul|37.567|126.978||1905|11|17||||17.11.1905|0|norm|Die Zweite Japanisch-Koreanische Übereinkunft, auch Japanisch-Koreanischer Protektorationsvertrag genannt, wurde zwischen Groß-Korea und dem Japanischen Kaiserreich am 17. November 1905 abgeschlossen. Beeinflusst wurde der Inhalt des Vertrages vom Ausgang des Russisch-Japanischen Krieges. Der Vertrag bewirkte, dass Korea ein Protektorat Japans wurde und seine Souveränität verlor.|M-7|http://de.wikipedia.org/wiki/Zweite_Japanisch-Koreanische_%C3%9Cbereinkunft
H-8|Vertrag von Sankt Petersburg|St. Petersburg|59.934|30.335||1907|08|31||||31.08.1907|0|norm|Der Vertrag von Sankt Petersburg wurde am 31. August 1907 vom britischen Botschafter, Sir Arthur Nicolson, und dem Außenminister des zaristischen Russland, Graf Alexander Petrowitsch Iswolski, in Sankt Petersburg unterzeichnet. In ihm einigten sich die beiden Mächte auf die Abgrenzung ihrer Interessensphären in Zentralasien. Ferner bildete der Vertrag die Grundlage für das britisch-russische Kriegsbündnis von 1914 und die Erweiterung der Entente cordiale zur Triple Entente.|M-8|http://de.wikipedia.org/wiki/Vertrag_von_Sankt_Petersburg_(1907)
H-9|Daily-Telegraph-Affäre|Berlin|52.520|13.405||1908|10|28||||28.10.1908|1|imp|Die Daily-Telegraph-Affäre war ein Staatsskandal im Deutschen Kaiserreich. Die Veröffentlichung eines Gesprächs des britischen Obersten Edward Montagu-Stuart-Wortley mit dem deutschen Kaiser Wilhelm II. am 28. Oktober 1908 im Daily Telegraph sorgte für Empörung in der deutschen Öffentlichkeit.|M-9|http://de.wikipedia.org/wiki/Daily-Telegraph-Aff%C3%A4re
H-10|Londoner Vertrag|London|51.507|-0.128||1913|05|30||||30.05.1913|0|norm|Der Londoner Vertrag wurde am 30. Mai 1913 geschlossen und beendete den Ersten Balkankrieg. Vertragsschließende Staaten waren einerseits die im Balkanbund zusammengeschlossenen – Serbien, Griechenland, Bulgarien und Montenegro – andererseits deren Kriegsgegner, das Osmanische Reich. Vermittelt wurde der Vertrag von den europäischen Mächten Großbritannien, Frankreich, Deutschland, Russland, Österreich-Ungarn und Italien.|M-10|http://de.wikipedia.org/wiki/Londoner_Vertrag_(1913)
H-11|Friede von Bukarest|Bukarest|44.433|26.104||1913|08|10||||10.08.1913|0|norm|Der Frieden von Bukarest vom 28. Julijul./ 10. August 1913greg. beendete den Zweiten Balkankrieg, den Bulgarien begonnen hatte, weil es mit der Aufteilung der europäischen Gebiete der Türkei nach dem Ersten Balkankrieg unzufrieden war. Der Vertrag wurde geschlossen zwischen Serbien, Griechenland, Montenegro und Rumänien auf der einen Seite und Bulgarien auf der anderen Seite. Mit dem Osmanischen Reich schloss Bulgarien im September den Vertrag von Konstantinopel.|M-11|http://de.wikipedia.org/wiki/Friede_von_Bukarest_(1913)
H-12|Attentat von Sarajevo|Sarajevo|43.856|18.413||1914|06|28||||28.06.1914|0|norm|Beim Attentat von Sarajevo am 28. Juni 1914 wurden der Thronfolger Österreich-Ungarns, Erzherzog Franz Ferdinand, und seine Gemahlin Sophie Chotek, Herzogin von Hohenberg bei ihrem Besuch in Sarajevo von Gavrilo Princip, einem Mitglied der serbisch-nationalistischen Bewegung Mlada Bosna, ermordet. Das Attentat in der bosnischen Hauptstadt löste die Julikrise aus, die schließlich zum Ersten Weltkrieg führte.|M-12|http://de.wikipedia.org/wiki/Attentat_von_Sarajevo
H-13|Schlacht von Lemberg|Lemberg|49.170|7.652||1914|08|26|1914|09|11|1914|0|norm|Die Schlacht von Lemberg war eine Entscheidungsschlacht zwischen dem Russischen Reich und Österreich-Ungarn während der Frühphase des Ersten Weltkrieges 1914, in welcher die k.u.k. 3. Armee von der russischen 3. Armee unter General Nikolai Russki in mehreren Kämpfen empfindlich geschlagen wurde. Die Schlacht von Lemberg – ein Abschnitt der Schlachten in Galizien, bezeichnet mehrere Phasen von Operationen im östlichen und später westlichen Vorfeld der Stadt, die für die k. u. k. 3. Armee alle unglücklich endeten.|M-13|http://de.wikipedia.org/wiki/Schlacht_von_Lemberg
H-14|Schlacht bei Tannenberg|Olsztyn|53.777|20.488||1914|08|26|1914|08|30|1914|0|norm|Die Schlacht bei Tannenberg war eine Schlacht des Ersten Weltkrieges und fand in der Gegend südlich von Allenstein in Ostpreußen vom 26. August bis 30. August 1914 zwischen deutschen und russischen Armeen statt. Die deutsche Seite stellte hierbei 153.000 Mann, die russische Seite 191.000 Soldaten ins Feld.[1] Sie endete mit einem Sieg der deutschen Truppen und der Zerschlagung der ins südliche Ostpreußen eingedrungenen russischen Kräfte.|M-14|http://de.wikipedia.org/wiki/Schlacht_bei_Tannenberg_(1914)
H-15|Erste Flandernschlacht|Flandern|50.999|2.812|[ [2.715668165000056, 51.16950104400005 ], [ 2.827299132861946, 51.214518858413896 ], [ 2.846789900420367, 51.13712936490306 ], [ 2.950740660731948, 51.043273492383356 ], [ 2.937746815693, 50.94922708146229 ], [ 3.002716040887738, 50.904180969529122 ], [ 2.971425415000103, 50.757833150000017 ], [ 3.028703730965633, 50.711219605000416 ], [ 3.009212963407212, 50.645348712610172 ], [ 2.872777590498262, 50.571133422412949 ], [ 2.892268358056683, 50.496801035930716 ], [ 2.846789900420367, 50.389225187352984 ], [ 2.898765280576157, 50.322903093738297 ], [ 2.885771435537209, 50.235714698031387 ], [ 2.742839140108787, 50.102549000370352 ], [ 2.80131144278405, 50.002431128073624 ], [ 2.898765280576157, 49.927205611414998 ], [ 2.853286822939841, 49.772206055946711 ], [ 2.716851450030891, 49.650372308411228 ], [ 2.59340992216089, 49.662989972739048 ], [ 2.677869914914049, 49.763813538837653 ], [ 2.736342217589313, 49.897919491550986 ], [ 2.625894534758258, 49.923022968830473 ], [ 2.586912999641416, 50.031653752036888 ], [ 2.723348372550365, 50.289707296342627 ], [ 2.684366837433522, 50.360220672169504 ], [ 2.671372992394575, 50.583510767516692 ], [ 2.786733846000027, 50.723364970000027 ], [ 2.820802210342472, 50.867292610330047 ], [ 2.775323752706155, 50.93285172400693 ], [ 2.775323752706155, 50.994229580459226 ], [ 2.69736068247247, 51.071858487402153 ], [ 2.715668165000056, 51.16950104400005 ] ]|1914|10|20|1914|11|18|1914|0|region|Die Erste Flandernschlacht oder auch Ypernschlacht (englisch First battle of Ypres, französisch première bataille d' Ypres) fand gegen Ende der ersten Phase des Ersten Weltkrieges vom 20. Oktober bis zum 18. November 1914 zwischen deutschen und alliierten Truppen im Raum der belgischen Kanalküste in Westflandern statt. Trotz schwerster Verluste an Menschenleben auf beiden Seiten konnte die Absicht der deutschen Führung, durch einen Angriff der 4. Armee entlang der Kanalküste das britische Expeditionskorps (British Expeditionary Forces) von seinen Versorgungslinien abzuschneiden, nicht verwirklicht werden.|M-15|http://de.wikipedia.org/wiki/Erste_Flandernschlacht
H-16|Winterschlacht in den Masuren|Masuren|53.767|21.599|[ [23.757947144661248, 48.597051307254652 ], [ 21.361394850290516, 48.812501384366385 ], [ 19.334355024214727, 49.719728982719651 ], [ 17.663833821395066, 51.434771765764211 ], [ 18.131612242797161, 52.126107055907752 ], [ 18.547415284043467, 52.830438941617807 ], [ 20.275596674223433, 54.220667663518704 ], [ 21.106211785000092, 54.913519598000029 ], [ 21.25709069100008, 55.369370835000041 ], [ 23.134242582791792, 55.255806125336228 ], [ 24.056805580557029, 54.883809985771371 ], [ 23.848904059933876, 53.746959401026416 ], [ 22.484550330844435, 53.306688228751177 ], [ 21.419055037650772, 52.483639124757651 ], [ 22.003778064403392, 51.027952842430238 ], [ 22.80939645681811, 49.986768839470102 ], [ 24.030817890479135, 49.381473146966066 ], [ 24.04381173551808, 48.845647925261531 ], [ 23.757947144661248, 48.597051307254652 ] ]|1915|02|07|1915|02|22|1915|0|region|Die Winterschlacht in Masuren fand zwischen dem 7. Februar und dem 22. Februar 1915 in Masuren (Ostpreußen, heute Polen) zwischen deutschen und russischen Truppen statt. Sie wird auch Winterschlacht bei Lyck und Augustów oder Winterschlacht an den Masurischen Seen genannt.|M-16|http://de.wikipedia.org/wiki/Winterschlacht_in_Masuren
H-17|Londoner Vertrag|London|51.507|-0.128||1915|04|26||||26.04.1915|0|norm|Der Londoner Vertrag 1915 (italienisch Patto di Londra) wurde während des Ersten Weltkriegs am 26. April 1915 als Geheimvertrag zwischen Italien auf der einen und den alliierten Mächten Großbritannien, Frankreich und Russland auf der anderen Seite geschlossen. Er sah den Kriegseintritt Italiens vor, dem dafür die Anerkennung verschiedener territorialer Ansprüche zugesichert wurde.|M-17|http://de.wikipedia.org/wiki/Londoner_Vertrag_(1915)
H-18|Schlacht um Verdun|Verdun|49.160|5.383||1916|02|21|1916|07|21|1916|1|imp|Die Schlacht um Verdun [vɛʁˈdœ̃] war eine der bedeutendsten Schlachten des Ersten Weltkrieges an der Westfront zwischen Deutschland und Frankreich. Sie begann am 21. Februar 1916 mit einem Angriff deutscher Truppen auf die französische Festung Verdun und endete am 19. Dezember 1916 ohne wesentliche Verschiebung des Frontverlaufs.|M-18|http://de.wikipedia.org/wiki/Schlacht_um_Verdun
H-19|Schlacht an der Somme|Ovillers-la-Boisselle|50.025|2.830|[ [ 2.582498611329454, 49.744625497038847 ], [ 2.29319016304686, 49.895777917223214 ], [ 2.313630433849435, 50.017168562753632 ], [ 2.393819188536458, 50.146314555448214 ], [ 2.598221896562204, 50.260037205942055 ], [ 2.719291192854376, 50.254005645769723 ], [ 2.813630904250875, 50.224842339131669 ], [ 2.82778186096035, 50.134221896998824 ], [ 3.03690155455592, 50.088847200206857 ], [ 3.112373323673119, 50.034340802687389 ], [ 3.117090309242943, 49.96055775758466 ], [ 3.074637439114519, 49.869437303331772 ], [ 2.999165669997321, 49.751737899902615 ], [ 2.810486247204325, 49.702950309844596 ], [ 2.582498611329454, 49.744625497038847 ] ]|1916|06|24|1916|11|26|1916|0|region|Die Schlacht an der Somme war eine Schlacht an der Westfront im Ersten Weltkrieg. Sie begann am 1. Juli 1916 im Rahmen einer britisch-französischen Großoffensive gegen die deutschen Stellungen. Sie wurde am 18. November desselben Jahres abgebrochen, ohne eine militärische Entscheidung herbeigeführt zu haben. Mit über einer Million getöteten, verwundeten und vermissten Soldaten war sie die verlustreichste Schlacht des Ersten Weltkriegs.|M-19|http://de.wikipedia.org/wiki/Schlacht_an_der_Somme
H-20|Friedensangebot der Mittelmächte|Wien|48.208|16.374||1916|12|12||||12.12.1916|0|norm|Das Friedensangebot der Mittelmächte vom 12. Dezember 1916 war eine Friedensnote im Verlauf des Ersten Weltkriegs, die auf Drängen Österreich-Ungarns nach der Eroberung Rumäniens veröffentlicht wurde, aber ohne Folgen blieb.||http://de.wikipedia.org/wiki/Friedensangebot_der_Mittelm%C3%A4chte
H-21|Februarrevolution|St. Petersburg|59.934|30.335||1917|03|08||||08.03.1917|0|norm|Die Februarrevolution (russisch Февральская революция / Transkription Fevral'skaja revoljuzija) des Jahres 1917 beendete die Zarenherrschaft in Russland. Der Name geht auf den damals in Russland geltenden Julianischen Kalender zurück, denn nach diesem begann die Revolution am 23. Februar. Nach gregorianischer Zeitrechnung ist das der 8. März. Unmittelbare Ursachen der Februarrevolution waren die Auswirkungen des Ersten Weltkrieges, von wirtschaftlicher Schwäche bis zur Mangelversorgung der Bevölkerung, vor allem mit Lebensmitteln, aber auch unbeseitigte politische Probleme, die bereits die Revolution von 1905 begründeten.|M-21|http://de.wikipedia.org/wiki/Februarrevolution_1917
H-22|Kriegseintritt der USA|Washington D.C.|38.907|-77.037||1917|04|06||||06.04.1917|1|imp|Am 6. April 1917 erklärten die USA dem Deutschen Reich den Krieg,[132] nachdem Präsident Wilson vier Tage vorher den US-Kongress zur Teilnahme am Kreuzzug der „friedensliebenden“ Demokratien gegen die „militärisch-aggressiven“ Autokratien der Erde aufgefordert hatte. Beide Häuser des Kongresses stimmten mit überwältigender Mehrheit zu.|M-22|http://de.wikipedia.org/wiki/Erster_Weltkrieg#Versch.C3.A4rfung_des_U-Boot-Kriegs_und_Kriegseintritt_der_Vereinigten_Staaten
H-23|Oktoberrevolution|St. Petersburg|59.934|30.335||1917|11|06|1917|11|07|1917|1|imp|Als Oktoberrevolution (russisch Октябрьская революция в России, wiss. Transliteration Oktjabr'skaja Revoljucija v Rossii; in realsozialistischen Ländern gewöhnlich bezeichnet als Великая Октябрьская социалистическая революция, wiss. Transliteration Velikaja Oktjabr'skaja socialističeskaja revolucija, deutsch Große Sozialistische Oktoberrevolution) wird die gewaltsame Machtübernahme durch die russischen kommunistischen Bolschewiki ab dem 25. Oktoberjul./ 7. November 1917greg. bezeichnet. Sie beseitigte die aus der Februarrevolution hervorgegangene Doppelherrschaft aus sozial-liberaler Übergangsregierung unter Alexander Kerenski und den Sowjets und errichtete einen neuen Staat, der sich selbst als Diktatur des Proletariats verstand.|M-23|http://de.wikipedia.org/wiki/Oktoberrevolution
H-24|14-Punkte-Programm|Washington D.C.|38.907|-77.037||1918|01|08||||08.01.1918|1|imp|Als 14-Punkte-Programm werden die Grundzüge einer Friedensordnung für das vom Ersten Weltkrieg erschütterte Europa bezeichnet, die Präsident Woodrow Wilson am 8. Januar 1918 in einer programmatischen Rede vor beiden Häusern des US-Kongresses umriss.|M-24|http://de.wikipedia.org/wiki/14-Punkte-Programm
H-25|Friedensvertrag von Brest-Litowsk|Brest-Litowsk|52.133|23.667||1918|03|03||||03.03.1918|1|imp|Der Friedensvertrag von Brest-Litowsk wurde im Ersten Weltkrieg zwischen Sowjetrussland und den Mittelmächten geschlossen. Er wurde nach längeren Verhandlungen am 3. März 1918 in Brest-Litowsk unterzeichnet. Damit schied Sowjetrussland als Kriegsteilnehmer aus. Bei dem Friedensschluss konnte vor allem die deutsche Oberste Heeresleitung (OHL) ihre Vorstellungen hinsichtlich einer territorialen Neugliederung der ehemals russischen Gebiete durchsetzen. Die Regierung der Bolschewiki unterzeichnete den Vertrag angesichts der deutschen militärischen Drohung unter Protest, weil sie fürchtete, ansonsten den Erfolg der Oktoberrevolution zu gefährden. In der Sowjetunion und später auch in der DDR wurde dieser Vertrag als „Raubfrieden von Brest-Litowsk“ bezeichnet.|M-25|http://de.wikipedia.org/wiki/Friedensvertrag_von_Brest-Litowsk
H-26|Kieler Matrosenaufstand|Kiel|54.323|10.123||1918|11|09||||09.11.1918|0|norm|Der Kieler Matrosenaufstand fand Anfang November 1918 – gegen Ende des Ersten Weltkrieges – statt. Auslösende Momente waren Befehlsverweigerungen auf einzelnen Schiffen der vor Wilhelmshaven ankernden Flotte gegen den Befehl, zu einer Entscheidungsschlacht gegen die britische Marine auszulaufen. Dies mündete in einer Meuterei mehrerer Schlachtschiff-Besatzungen. Das III. Geschwader wurde daraufhin nach Kiel zurückbeordert. In Kiel trat die Arbeiterschaft an die Seite der Matrosen. Es kam zu einem allgemeinen Aufstand. Von Kiel aus wurde der Impuls zur Ausbreitung der Unruhen gegeben, die dann zur reichsweiten Novemberrevolution, zum Sturz der Monarchie in Deutschland und zur Errichtung der Weimarer Republik führten.|M-26|http://de.wikipedia.org/wiki/Kieler_Matrosenaufstand
H-27|Waffenstillstand bei Compiègne|Wald bei Compiègne|49.373|2.892||1918|11|11||||11.11.1918|0|norm|Der Waffenstillstand von Compiègne (französisch Armistice de Rethondes) wurde am 11. November 1918 zwischen dem Deutschen Reich und den beiden Westmächten Frankreich und Großbritannien geschlossen und beendete die Kampfhandlungen im Ersten Weltkrieg. Der Vertrag wurde in einem Eisenbahn-Salonwagen unterzeichnet, der östlich des nordfranzösischen Compiègne auf einer Waldlichtung bei Rethondes stand.|M-27|http://de.wikipedia.org/wiki/Waffenstillstand_von_Compi%C3%A8gne_(1918)
H-28|Versailler Vertrag|Versailles|48.801|2.130||1919|06|28||||28.06.1919|1|imp|Der Friedensvertrag von Versailles (auch Versailler Vertrag, Friede von Versailles) wurde bei der Pariser Friedenskonferenz 1919 im Schloss von Versailles von den Mächten der Triple Entente und ihren Verbündeten bis Mai 1919 weitgehend festgelegt. De facto waren die Kampfhandlungen des Ersten Weltkriegs bereits mit der Unterzeichnung des Waffenstillstands von Compiègne am 11. November 1918 eingestellt worden. Der Vertrag konstatierte die alleinige Verantwortung des Deutschen Reichs und seiner Verbündeten für den Ausbruch des Weltkriegs und verpflichtete es daher zu Gebietsabtretungen, Abrüstung und Reparationszahlungen an die Siegermächte.|M-28|http://de.wikipedia.org/wiki/Friedensvertrag_von_Versailles
H-29|Weimarer Verfassung|Weimar|50.979|11.324||1919|08|14||||14.08.1919|1|imp|Die Weimarer Verfassung (offiziell: Die Verfassung des Deutschen Reichs, auch: Weimarer Reichsverfassung; Kürzel: WRV) war die am 31. Juli 1919 in Weimar beschlossene, am 11. August ausgefertigte und am 14. August 1919 verkündete erste praktizierte demokratische Verfassung des Deutschen Reichs. Sie löste das Gesetz über die vorläufige Reichsgewalt, in dem die wichtigsten künftigen Verfassungsorgane und ihre Kompetenzen beschrieben wurden, ab und begründete eine föderative Republik mit einer Mischform aus präsidialem und parlamentarischem Regierungssystem.|M-29|http://de.wikipedia.org/wiki/Weimarer_Verfassung
H-30|Gründung des Völkerbunds|Versailles|48.801|2.130||1920|01|10||||10.01.1920|1|imp|Der Völkerbund (französisch Société des Nations, englisch League of Nations, spanisch Sociedad de Naciones) war eine Internationale Organisation mit Sitz in Genf (Schweiz). Er nahm am 10. Januar 1920, kurz nach Ende des Ersten Weltkrieges, seine Arbeit auf, um den Frieden dauerhaft zu sichern, und wurde am 18. April 1946 in Paris, kurz nach Ende des Zweiten Weltkrieges, aufgelöst. Der Völkerbund gilt als indirekter, zeitgeschichtlicher Vorläufer der Vereinten Nationen (UNO).|M-30|http://de.wikipedia.org/wiki/V%C3%B6lkerbund
H-31|Londoner Konferenz|London|51.507|-0.128||1921|04|29|1921|05|05|1921|0|norm|Als Londoner Konferenz 1921 werden zwei historische Konferenzen bezeichnet, die sich vom 1. bis 7. März (ergebnislos abgebrochen) und vom 29. April bis 5. Mai 1921 mit Entschädigungszahlungen des Deutschen Reiches als Folge des verlorenen Ersten Weltkrieges befassten.||http://de.wikipedia.org/wiki/Londoner_Konferenz_(1921)
H-32|Londoner Ultimatum|London|51.507|-0.128||1921|05|05||||05.05.1921|0|norm|Großbritannien, Frankreich, Italien, Belgien und Japan setzten am 5. Mai im „Londoner Ultimatum“ die Kriegsschuld Deutschlands auf 132 Milliarden Goldmark fest. Den sogenannten Londoner Zahlungsplan hatte Deutschland – unter Androhung der vollständigen militärischen Besetzung des Ruhrgebiets – binnen weniger Tage zu akzeptieren. Konferenzteilnehmer waren auf alliierter Seite unter anderem Ferdinand Foch, David Lloyd George und Aristide Briand. Am 11. Mai 1921 billigte der Reichstag auf Antrag der neuen Regierung Wirth diese Forderung.||http://de.wikipedia.org/wiki/Londoner_Konferenz_(1921)#Londoner_Ultimatum
H-33|Vertrag von Rapallo|Santa Margherita Ligure|44.336|9.220||1922|04|16||||16.04.1922|1|imp|Der Vertrag von Rapallo ist ein völkerrechtlicher Vertrag, der am 16. April 1922 im italienischen Rapallo zwischen dem Deutschen Reich und der Russischen Sozialistischen Föderativen Sowjetrepublik (späteres Gründungsmitglied der Sowjetunion) geschlossen wurde. Der überraschende Vertragsschluss fand am Rande der Finanz- und Wirtschaftskonferenz von Genua statt.|M-33|http://de.wikipedia.org/wiki/Vertrag_von_Rapallo
H-34|Dawes-Plan|London|51.507|-0.128||1924|08|16||||16.08.1924|1|imp|Der Dawes-Plan vom 16. August 1924 regelte die Reparationszahlungen Deutschlands an die Siegermächte des Ersten Weltkrieges. Diese sollten sich an der wirtschaftlichen Leistungsfähigkeit der Weimarer Republik anpassen. Zugleich wurde eine internationale Anleihe aufgelegt, auf deren Basisdeckung Kredite an die deutsche Wirtschaft vergeben werden konnten.|M-34|http://de.wikipedia.org/wiki/Dawes-Plan
H-35|Verträge von Locarno|Locarno|46.168|8.789||1925|10|05|1925|10|16|1925|1|imp|Die Verträge von Locarno sind sieben völkerrechtliche Vereinbarungen, die vom 5. bis 16. Oktober 1925 in Locarno (Schweiz) verhandelt und am 1. Dezember 1925 in London unterzeichnet wurden, nachdem die Parlamente zugestimmt hatten. Sie traten am 10. September 1926 mit der Aufnahme von Deutschland in den Völkerbund in Kraft. Deutschland einerseits, Frankreich und Belgien andererseits verzichteten auf eine gewaltsame Veränderung ihrer im Friedensvertrag von Versailles gezogenen Grenzen, für die Großbritannien und Italien die Garantie übernahmen. Eine Revision der Ostgrenzen behielt Deutschland sich vor.|M-35|http://de.wikipedia.org/wiki/Vertr%C3%A4ge_von_Locarno
H-36|Berliner Vertrag|Berlin|52.520|13.405||1926|04|24||||24.04.1926|0|norm|Der Berliner Vertrag war ein am 24. April 1926 zwischen der Weimarer Republik und der UdSSR geschlossener Freundschaftsvertrag. Er war die Fortsetzung des Vertrags von Rapallo (1922) und sollte der UdSSR zeigen, dass das Deutsche Reich auch nach den Verträgen von Locarno mit dem Westen und dessen Verbündeten mit der UdSSR zusammenarbeiten wollte. Er brachte aber nur wenig Neues.||http://de.wikipedia.org/wiki/Berliner_Vertrag_1926
H-37|Briand-Kellog-Pakt|Paris|48.857|2.352||1928|08|27||||27.08.1928|1|imp|Der Briand-Kellogg-Pakt (auch Kellogg-Pakt, Kellogg-Briand-Pakt oder Pariser Vertrag) ist ein völkerrechtlicher Vertrag zur Ächtung des Krieges, der am 27. August 1928 in Paris von zunächst elf Nationen unterzeichnet wurde und den man nach dem US-Außenminister Frank Billings Kellogg und dem französischen Außenminister Aristide Briand benannte.|M-37|http://de.wikipedia.org/wiki/Briand-Kellogg-Pakt
H-38|Young-Plan|Paris|48.857|2.352||1929|09|01||||01.09.1929|0|norm|Der Young-Plan war der letzte der Reparationspläne, die die Zahlungsverpflichtungen des Deutschen Reichs auf Grundlage des Versailler Vertrags regelten. Er wurde von einem Gremium internationaler Finanzexperten vom Februar bis Juni 1929 in Paris ausgehandelt, die endgültige Ausformulierung erfolgte auf zwei Regierungskonferenzen im August 1929 und im Januar 1930 in Den Haag. Er trat am 17. Mai 1930 rückwirkend zum 1. September 1929 in Kraft und setzte eine durchschnittliche Annuität von rund zwei Milliarden Reichsmark fest, die zum überwiegenden Teil in Devisen zu zahlen waren. Er sollte bis 1988 gelten, wurde aber bereits im Juni 1931 durch das Hoover-Moratorium ausgesetzt und im Juli 1932 von der Konferenz von Lausanne aufgehoben.|M-38|http://de.wikipedia.org/wiki/Young-Plan
H-39|Schwarzer Donnerstag|New York City|40.713|-74.006||1929|10|24||||24.10.1929|0|norm|Schwarzer Donnerstag (englisch Black Thursday) ist eine Bezeichnung für den 24. Oktober 1929 und den damit verbundenen folgenreichsten Börsencrash der Geschichte. Nachdem schon in den Vorwochen ein deutlicher Rückgang des zuvor jahrelang stark steigenden Dow-Jones-Index verzeichnet worden war, brach an diesem Tag Panik unter den Anlegern aus. Die Börsenkurse brachen stark ein, viele Anleger waren nach Börsenschluss hochverschuldet.|M-39|http://de.wikipedia.org/wiki/Schwarzer_Donnerstag
H-40|Hoover-Moratorium|Washington D.C.|38.907|-77.037||1931|06|20||||20.06.1931|0|norm|Als Hoover-Moratorium wird die Erklärung des US-Präsidenten Herbert C. Hoover vom 20. Juni 1931 bezeichnet, die internationalen Zahlungsverpflichtungen aufgrund der Weltwirtschaftskrise für ein Jahr auszusetzen. Damit waren nicht nur die deutschen Reparationszahlungen an die europäischen Siegermächte des Ersten Weltkriegs gemeint, sondern auch die interalliierten Kriegsschulden, die Großbritannien, Frankreich und ihre Verbündeten während des Weltkriegs bei den USA aufgenommen hatten und die sie mit ihren Reparationseinnahmen zurückzahlten.|M-40|http://de.wikipedia.org/wiki/Hoover-Moratorium
H-41|Konferenz von Lausanne|Lausanne|46.520|6.634||1932|07|08||||08.07.1932|0|norm|Auf der Konferenz von Lausanne vom 16. Juni bis 9. Juli 1932 zwischen Deutschland, Großbritannien und Frankreich erreichte die deutsche Regierung unter Franz von Papen das Ende der durch den Versailler Vertrag auferlegten Reparationen nach dem Ersten Weltkrieg.|M-41|http://de.wikipedia.org/wiki/Konferenz_von_Lausanne_(1932)
H-42|Machtergreifung|Berlin|52.520|13.405||1933|01|31||||31.01.1933|1|imp|Mit „Machtergreifung“ (auch Machtübernahme bzw. Machtübergabe) wird die Übertragung der Regierungsgewalt im Deutschen Reich am 30. Januar 1933 auf die NSDAP und ihre nationalkonservativen Koalitionspartner und Verbündeten (DNVP, Stahlhelm) sowie die anschließende Umwandlung der bis dahin bestehenden Demokratie der Weimarer Republik in die Diktatur des nationalsozialistischen Deutschland bezeichnet. Da die ersten beiden Bezeichnungen aus unterschiedlichen Gründen als nicht neutral und präzise angesehen werden, benutzen Historiker auch die Begriffe Machtübergabe oder Machtübertragung und umschreiben das Geschehen insgesamt als die Phase der nationalsozialistischen Machteroberung 1933/34.|M-42|http://de.wikipedia.org/wiki/Machtergreifung
H-43|Deutsch-polnischer Nichtangriffspakt|Berlin|52.520|13.405||1934|01|26||||26.01.1934|0|norm|Die deutsch-polnische Erklärung, gelegentlich auch als Piłsudski-Hitler-Pakt bezeichnet,[1] wurde am 26. Januar 1934 von Außenminister Konstantin Freiherr von Neurath im Namen der Regierung des Deutschen Reiches unter Adolf Hitler und dem Botschafter in Berlin, Józef Lipski, im Namen der Regierung der Republik Polen unter Marschall Piłsudski in Berlin unterzeichnet.|M-43|http://de.wikipedia.org/wiki/Deutsch-polnischer_Nichtangriffspakt
H-44|Flottenabkommen|London|51.507|-0.128||1935|06|18||||18.06.1935|0|norm|Mit der als deutsch-britisches Flottenabkommen bezeichneten Note vom 18. Juni 1935 gestattete die britische Regierung der deutschen, ihre Marine auf 35 % gemessen an der britischen Stärke auszubauen. Dieses Abkommen, das durch die Methode des diplomatischen Notenaustausches das britische Parlament umging, ersetzte de facto die entsprechenden Bestimmungen des Versailler Vertrages.||http://de.wikipedia.org/wiki/Deutsch-britisches_Flottenabkommen
H-45|Rheinlandbesetzung|Aachen|50.775|6.084|[ [ 7.585482836000105, 47.584479135 ], [ 7.585045614000088, 47.613167216000072 ], [ 7.505161135161354, 47.664443270282902 ], [ 7.537813355000146, 47.731816304000041 ], [ 7.525927775000102, 47.783156840000075 ], [ 7.561997925000103, 47.839225769000038 ], [ 7.558380575000109, 47.875993551000086 ], [ 7.579567911000074, 47.927049866000075 ], [ 7.618945353000081, 48.002652487 ], [ 7.562438492017908, 48.073845514445793 ], [ 7.604786010000024, 48.152565816000042 ], [ 7.61336429800009, 48.17920501800009 ], [ 7.687158243000117, 48.252921448000023 ], [ 7.702454467000094, 48.311186625000033 ], [ 7.750720255000078, 48.341365662000058 ], [ 7.737181030000111, 48.393481344000023 ], [ 7.771287475000066, 48.4891085820001 ], [ 7.813455444000033, 48.519468486000029 ], [ 7.810251506000063, 48.615018209000091 ], [ 7.970138387000096, 48.757283427000083 ], [ 8.022951701000078, 48.765086569000083 ], [ 8.090337769000149, 48.807512920000086 ], [ 8.200305216000027, 48.958563131000041 ], [ 8.048308484663146, 49.001660486589799 ], [ 7.805373488340526, 49.046990274909462 ], [ 7.644938840000053, 49.036294476000073 ], [ 7.503186053890439, 49.153029836068704 ], [ 7.39105228700016, 49.170023092000108 ], [ 7.280258016000055, 49.108993226000045 ], [ 7.079856812000121, 49.142014465 ], [ 6.987872762000121, 49.182425436000088 ], [ 6.833463583000061, 49.209452210000023 ], [ 6.821784709000103, 49.147750550000048 ], [ 6.701303057898705, 49.156905036619342 ], [ 6.51787561000013, 49.41641632100005 ], [ 6.342279094000114, 49.493000794000054 ], [ 6.402740519000143, 49.65578155499999 ], [ 6.502579387000145, 49.795669658000101 ], [ 6.351374145000087, 49.8332901 ], [ 6.153970174000052, 49.951215719000075 ], [ 6.117486613000042, 50.120456035000039 ], [ 6.115832967000078, 50.145467428 ], [ 6.151696411000017, 50.169341939000034 ], [ 6.146838827000083, 50.214042054000075 ], [ 6.271792439000134, 50.267423808000075 ], [ 6.374525187000065, 50.315482891000023 ], [ 6.345788429133897, 50.488366910419465 ], [ 6.207196900000109, 50.486325175000054 ], [ 6.160688110000065, 50.543582663 ], [ 6.24905480900008, 50.614431051000047 ], [ 6.161101521000072, 50.642181296 ], [ 6.08100305200011, 50.713494772000082 ], [ 6.007622518000066, 50.716905417000071 ], [ 5.994910116000105, 50.749926656000092 ], [ 5.980647420000132, 50.773439433000057 ], [ 5.983954712000137, 50.792197978000047 ], [ 5.996199044181837, 50.790241422614017 ], [ 6.00804953180733, 50.802725454276512 ], [ 6.009276164000106, 50.840463765000074 ], [ 6.05671512900011, 50.852659404000079 ], [ 6.051501319767474, 50.909950504701342 ], [ 5.988298719098174, 50.928627302798034 ], [ 6.005762167000054, 50.968517965000053 ], [ 5.914191529000079, 50.975235901000097 ], [ 5.874607381000109, 50.965365703 ], [ 5.852489868000101, 51.04275116000003 ], [ 5.880498495000031, 51.052052918000058 ], [ 5.937962687000034, 51.030943095000026 ], [ 6.147252238000116, 51.15225352 ], [ 6.126271607000121, 51.164578349000053 ], [ 6.03965083214198, 51.19798021008765 ], [ 6.207817016000138, 51.387665508000055 ], [ 6.193347615000042, 51.509337667000096 ], [ 6.093965567092158, 51.645058320192362 ], [ 5.939306274000094, 51.731882223000085 ], [ 5.948091268000097, 51.822961935000123 ], [ 6.126995076000092, 51.896730041000055 ], [ 6.386617472000031, 51.837560527000086 ], [ 6.789848673000098, 51.951145325000063 ], [ 6.675023641000116, 52.034809468999981 ], [ 6.971129598000064, 52.206271871000084 ], [ 7.133845856229217, 51.929115505048301 ], [ 7.394556583990076, 51.826694759744676 ], [ 7.568363735830646, 51.56225484745319 ], [ 7.536762435495997, 51.345641803147053 ], [ 7.726370237503894, 51.162693745972476 ], [ 7.844875113758828, 50.869458388313348 ], [ 8.200389742523637, 50.478941353595779 ], [ 8.105585841519687, 50.368207684556751 ], [ 8.650708272292391, 50.353087575284881 ], [ 9.11682745222847, 49.805552040129506 ], [ 9.010173063599028, 49.37536160470529 ], [ 9.053624851559169, 49.045048416551289 ], [ 8.911419000053245, 48.988053497892516 ], [ 8.840316074300285, 48.816677061435264 ], [ 8.532203396037453, 48.40926765614698 ], [ 8.342595594029556, 48.262215848109882 ], [ 8.295193643527583, 48.177995775987327 ], [ 8.026582590683061, 47.876835231039216 ], [ 8.033495375131265, 47.685721503341604 ], [ 7.905115092521753, 47.588569042225757 ], [ 7.819656616000122, 47.595338847000058 ], [ 7.77179710673495, 47.556589046366305 ], [ 7.661423380000114, 47.546246236 ], [ 7.659666382000046, 47.596579082000062 ], [ 7.585482836000105, 47.584479135 ] ]|1936|03|07||||07.03.1936|0|norm|Als Rheinlandbesetzung oder Remilitarisierung des Rheinlandes, in der NS-Propaganda „Rheinlandbefreiung“, wird die Stationierung von Truppenteilen der Wehrmacht im entmilitarisierten Rheinland am 7. März 1936 bezeichnet.|M-45|http://de.wikipedia.org/wiki/Rheinlandbesetzung_(1936)
H-46|Anschluss Österreichs|Wien|48.208|16.374||1938|03|13||||13.03.1938|0|region|Als „Anschluss“ Österreichs oder kurz „Anschluss“ werden seit 1938 vor allem die Vorgänge bezeichnet, mit denen österreichische und deutsche Nationalsozialisten im März 1938 die De-facto-Annexion Österreichs durch das nationalsozialistische Deutsche Reich bewirkt haben.|M-46|http://de.wikipedia.org/wiki/Anschluss_%C3%96sterreichs
H-47|Münchener Abkommen|München|48.135|11.582||1938|09|29||||29.09.1938|0|norm|Das Münchner Abkommen, selten auch als Münchener Frieden sowie aus tschechoslowakischer Sicht teilweise als Münchner Diktat bezeichnet, wurde in der Nacht zum 30. September 1938 von den Regierungschefs Großbritanniens, Frankreichs, Italiens und des Deutschen Reichs unterzeichnet, die zur friedlichen Lösung der Sudetenkrise zur Münchner Konferenz (29. September) im Münchner Führerbau am Königsplatz zusammengekommen waren. Vertreter der Tschechoslowakischen Republik waren nicht eingeladen.|M-47|http://de.wikipedia.org/wiki/M%C3%BCnchner_Abkommen
H-48|Reichspogromnacht|München|48.135|11.582||1938|11|09||||09.11.1938|0|norm|Die Novemberpogrome 1938 – bezogen auf die Nacht vom 9. auf den 10. November 1938 auch (Reichs-)Kristallnacht oder Reichspogromnacht genannt – waren vom nationalsozialistischen Regime organisierte und gelenkte Gewaltmaßnahmen gegen Juden im gesamten Deutschen Reich.|M-48|http://de.wikipedia.org/wiki/Novemberpogrome_1938
H-49|Polenfeldzug|Danzig|54.352|18.647||1939|09|01|1939|10|06|1939|0|norm|Der Polenfeldzug war ein völkerrechtswidriger Angriffskrieg des nationalsozialistisch regierten Deutschen Reiches gegen die Zweite Polnische Republik, der den Zweiten Weltkrieg in Europa auslöste. Er begann am 1. September 1939 ohne vorherige Kriegserklärung mit dem Einmarsch der Wehrmacht in den Westteil Polens und endete am 6. Oktober mit der Kapitulation der letzten polnischen Feldtruppen.|M-49|http://de.wikipedia.org/wiki/Polenfeldzug
H-50|Unternehmen Weserübung|Åbenrå|55.041|9.415|[ [ 8.151322362176868, 54.836379834965456 ], [ 5.188574582174639, 57.969283009218564 ], [ 4.149013957612453, 62.042789324041607 ], [ 6.059206605245469, 64.500941391022451 ], [ 10.243438119108269, 66.926465997313329 ], [ 12.348548383846694, 67.894268888859926 ], [ 15.987010569814345, 69.616827590072475 ], [ 18.040142803324663, 68.587872780967928 ], [ 18.156234985000136, 68.518609518000048 ], [ 15.481876261000075, 66.27487050400002 ], [ 13.939438110000108, 64.009530742 ], [ 13.964242798000051, 64.009530742 ], [ 12.982442261000076, 64.058830058000069 ], [ 12.222695353000068, 63.001478577000015 ], [ 12.175566447000044, 61.711531474000104 ], [ 12.877125692000067, 61.370983786000089 ], [ 12.713518107000109, 61.061157735000016 ], [ 12.280986369000095, 61.015191549000036 ], [ 12.594352254000025, 60.514937846000059 ], [ 12.510946492000066, 60.117985332000032 ], [ 11.89031254000013, 59.892779440000034 ], [ 11.783962443000044, 59.360615540000055 ], [ 11.693735392000127, 58.973507385000083 ], [ 11.611569865000099, 58.893150533000025 ], [ 11.259343302000113, 59.104093730000059 ], [ 11.054291219000088, 58.961260071000048 ], [ 10.789207447003417, 57.879575669547563 ], [ 12.244592321390476, 56.571347126767478 ], [ 12.79851321700005, 55.934800523000035 ], [ 12.712394602443462, 54.693938733697379 ], [ 11.880746102793712, 54.27119004748134 ], [ 11.121267123000056, 54.535956122000066 ], [ 10.038745972000063, 54.768027649000025 ], [ 8.151322362176868, 54.836379834965456 ] ]|1940|04|09|1940|06|10|1940|0|region|Unternehmen Weserübung, auch Fall Weserübung, war der Deckname für den deutschen Überfall auf Norwegen und Dänemark am 9. April 1940. Strategische Ziele der Invasion waren die Besetzung der norwegischen Häfen, um die deutsche Ausgangsstellung im Krieg gegen Großbritannien zu erweitern und eine Seeblockade zu verhindern, die Kontrolle der Ostseezugänge und die Sicherung der Eisenerz-Versorgung der deutschen Rüstungsindustrie aus Kiruna (Schweden) über Narvik.|M-50|http://de.wikipedia.org/wiki/Unternehmen_Weser%C3%BCbung
H-51|Fall Gelb|Fort Eben-Emael|50.798|5.679|[ [ 6.092991984000157, 51.885309550000059 ], [ 6.770108276000144, 49.155295309 ], [ 3.30112232320392, 48.501297898948181 ], [ 1.79375941758875, 50.060878364741356 ], [ 1.595593173531584, 50.975890335742235 ], [ 2.498711466119983, 51.122932113427574 ], [ 3.349457227000066, 51.375230210000041 ], [ 3.457530144000089, 51.555080471000046 ], [ 4.043467644000082, 51.908677476000037 ], [ 6.092991984000157, 51.885309550000059 ] ]|1940|05|09|1940|05|28|1940|0|region|Das deutsche Außenministerium hatte am 9. Mai 1940 eine diplomatische Note erstellt, die den belgischen und niederländischen Botschaftern am Folgetag um 5:45 Uhr übergeben wurde. Darin wurde behauptet, Belgien und die Niederlande hätten „völlig einseitig die Kriegsgegner Deutschlands begünstigt und ihren Absichten Vorschub geleistet“. Es werde daher „der Befehl erteilt, die Neutralität dieser Länder mit allen militärischen Machtmitteln des Reiches sicherzustellen.“ Weiter wurde behauptet, „daß Deutschland nicht die Absicht habe, durch diese Maßnahme die Souveränität des Königreiches Belgien und des Königreiches der Niederlande noch den europäischen noch außereuropäischen Besitzstand dieser Länder jetzt oder in Zukunft anzutasten.“ Der luxemburgischen Regierung wurde in einer Note mitgeteilt, dass die Reichsregierung sich gezwungen sehe, die von ihr eingeleiteten Operationen „auch auf das luxemburgische Gebiet“ zu erstrecken.|M-51|http://de.wikipedia.org/wiki/Westfeldzug#Fall_Gelb
H-52|Fall Rot|Paris|48.857|2.352|[ [ 6.987872762000121, 49.182425436000088 ], [ 7.780978889676591, 47.48497811689402 ], [ 7.640417369684374, 46.98114610343471 ], [ 7.819962413097673, 45.653882985565787 ], [ 8.014880030203082, 44.256239031204764 ], [ 8.963479100116079, 43.591729822850887 ], [ 7.703011842834426, 43.299264699121231 ], [ 6.416555569938722, 44.49772320132972 ], [ 4.519357430112731, 44.664321122416922 ], [ 2.804082399585125, 45.690203382334879 ], [ 1.348697525198064, 46.007001531486864 ], [ 0.465070994320206, 46.528010011885335 ], [ -2.036371758532554, 46.688695616575963 ], [ -2.919998289410412, 47.361893600771261 ], [ -4.72623487458721, 47.996183740893564 ], [ -5.031605808052353, 48.802829372650116 ], [ -1.308679321339024, 49.764867420888656 ], [ 0.679480373136157, 49.411058261278107 ], [ 3.564261106296224, 49.453312992380937 ], [ 5.006651472876257, 49.478648361036967 ], [ 6.987872762000121, 49.182425436000088 ] ]|1940|06|05|1940|06|22|1940|0|region|Der „Fall Rot“ war die zweite Großoperation des Westfeldzuges, bei dem zum einen der alliierte Südflügel entlang der Maginotlinie von Sedan bis zur Schweiz eingeschlossen werden sollte. Zum anderen war geplant, dass gleichzeitig starke Kräfte nach Frankreich hineinstoßen sollten. Dabei hatte die französische Armee nach der Schlacht von Dünkirchen praktisch keine Chance mehr, noch eine Wende herbeizuführen, denn das Kräfteverhältnis hatte sich seit dem Beginn des Feldzuges umgekehrt.|M-52|http://de.wikipedia.org/wiki/Westfeldzug#Fall_Rot
H-53|Waffenstillstand bei Compiègne|Wald bei Compiègne|49.373|2.892||1940|06|22||||22.06.1940|0|norm|Der Waffenstillstand von Compiègne (in Frankreich auch Waffenstillstand von Rethondes genannt) im Zweiten Weltkrieg wurde am 22. Juni 1940 zwischen dem Deutschen Reich und Frankreich geschlossen und beendete den Westfeldzug. Der Waffenstillstand sah die Besetzung von 60 Prozent des französischen Territoriums durch die deutsche Wehrmacht vor, Elsaß-Lothringen wurde de facto annektiert. Im unbesetzten Teil Frankreichs bildete sich das eng an Deutschland angelehnte Vichy-Regime.|M-53|http://de.wikipedia.org/wiki/Waffenstillstand_von_Compi%C3%A8gne_(1940)
H-54|Unternehmen Barbarossa|Moskau|55.756|37.617|[ [ 20.924815300000098, 55.282904364000025 ], [ 21.589121941000094, 57.438788153000083 ], [ 23.486175977000066, 59.17413971600007 ], [ 27.547249577641033, 63.03148562778528 ], [ 32.615107622381686, 64.209128979785888 ], [ 36.851317167472601, 62.000115542717253 ], [ 41.061537696949451, 56.899213842695502 ], [ 36.877306183086652, 55.438020148910773 ], [ 32.36131107600005, 52.235908305000024 ], [ 41.035548681335399, 48.300715311799323 ], [ 39.944010025545104, 46.399342307952793 ], [ 33.605642123000052, 44.987453518000045 ], [ 29.756315904835681, 46.075778932256419 ], [ 22.425845174000091, 42.80984283499999 ], [ 21.673732048864679, 45.659559601281067 ], [ 20.924815300000098, 55.282904364000025 ] ]|1941|06|22||||22.06.1941|0|region|„Unternehmen Barbarossa“ (ursprünglich: „Fall Barbarossa“) war der Deckname des nationalsozialistischen Regimes für den Überfall der deutschen Wehrmacht auf die Sowjetunion am 22. Juni 1941, der den Deutsch-Sowjetischen Krieg eröffnete.|M-54|http://de.wikipedia.org/wiki/Unternehmen_Barbarossa
H-55|Angriff auf Pearl Harbor|Pearl Harbor|21.345|-157.975||1941|12|07||||07.12.1941|1|imp|Der Angriff auf Pearl Harbor, auch bekannt als Überfall auf Pearl Harbor, war der Angriff der Kaiserlich Japanischen Marineluftstreitkräfte auf die in Pearl Harbor auf Hawaii vor Anker liegende Pazifikflotte der USA am 7. Dezember 1941. Mit dem Angriff weitete das Kaiserreich Japan den seit 1937 geführten Pazifikkrieg in den Zweiten Weltkrieg aus.|M-55|http://de.wikipedia.org/wiki/Angriff_auf_Pearl_Harbor
H-56|Eintritt der Vereinigten Staaten in den Zweiten Weltkrieg|Washington D.C.|38.907|-77.037||1941|12|08||||08.12.1941|0|norm|Der Eintritt der Vereinigten Staaten in den Zweiten Weltkrieg erfolgte am 8. Dezember 1941 mit der Kriegserklärung an das Kaiserreich Japan nach dem Angriff auf Pearl Harbor am Tag zuvor. Wenige Tage später, am 11. Dezember, erfolgte die Kriegserklärung Deutschlands und Italiens an die Vereinigten Staaten, die am gleichen Tag beantwortet wurde.|M-56|http://de.wikipedia.org/wiki/Eintritt_der_Vereinigten_Staaten_in_den_Zweiten_Weltkrieg
H-57|Wannseekonferenz|Berlin-Wannsee|52.443|13.161||1942|01|20||||20.01.1942|0|norm|Auf der Wannseekonferenz kamen am 20. Januar 1942 in einer Villa am Wannsee in Berlin 15 hochrangige Vertreter der nationalsozialistischen Reichsregierung und SS-Behörden zusammen, um unter dem Vorsitz von SS-Obergruppenführer Reinhard Heydrich den begonnenen Holocaust an den Juden im Detail zu organisieren und die Zusammenarbeit der beteiligten Instanzen zu koordinieren.|M-57|http://de.wikipedia.org/wiki/Wannseekonferenz
H-58|Operation Milennium|Köln|50.938|6.960||1942|05|30||||30.05.1942|0|norm|Operation Millennium war der Deckname für die Bombardierung Kölns in der Nacht vom 30. auf den 31. Mai 1942, bei dem die Royal Air Force (RAF) erstmals über 1000 Bomber gleichzeitig einsetzte, weshalb er auch als erster „1000-Bomber-Angriff“ bekannt ist.|M-58|http://de.wikipedia.org/wiki/Operation_Millennium
H-59|Schlacht von Stalingrad|Stalingrad|48.700|44.517||1942|09|13|1943|02|02|1942-1943|1|imp|Die Schlacht von Stalingrad ist eine der bekanntesten Schlachten des Zweiten Weltkrieges. Die Vernichtung der deutschen 6. Armee in Stalingrad Anfang 1943 gilt als psychologischer Wendepunkt des im Juni 1941 vom Deutschen Reich begonnenen Deutsch-Sowjetischen Krieges.|M-59|http://de.wikipedia.org/wiki/Schlacht_von_Stalingrad
H-60|Casablanca-Konferenz|Casablanca|33.573|-7.590||1943|01|14|1943|01|25|1943|0|norm|Die Konferenz von Casablanca (Codename: Symbol) war ein Geheimtreffen der Anti-Hitler-Koalition zwischen US-Präsident Franklin D. Roosevelt, dem britischen Premierminister Winston Churchill und den Combined Chiefs of Staff (CCS) während des Zweiten Weltkriegs. Sie wurde vom 14. bis zum 26. Januar 1943 in der marokkanischen Stadt Casablanca abgehalten.|M-60|http://de.wikipedia.org/wiki/Casablanca-Konferenz
H-61|Teheran-Konferenz|Teheran|35.696|51.423||1943|11|28|1943|12|01|1943|1|imp|Die Konferenz von Teheran, auch Eureka-Konferenz bzw. Konferenz der „Großen Drei“ genannt, fand vom 28. November bis zum 1. Dezember 1943 als erste Konferenz der Regierungschefs der drei Hauptalliierten der Anti-Hitler-Koalition im Zweiten Weltkrieg, Großbritannien, den USA und der Sowjetunion, in Teheran statt. Teilnehmer waren der US-Präsident Franklin D. Roosevelt, der britische Premierminister Winston Churchill, der sowjetische Staatschef Josef Stalin sowie deren jeweilige militärische Berater.|M-61|http://de.wikipedia.org/wiki/Teheran-Konferenz
H-62|Operation Neptune|Sainte-Mère-Église|49.410|-1.318|[ [ -1.939564581999943, 49.716457424000041 ], [ -1.049811063385245, 49.830007604556755 ], [ 0.246755405000056, 49.729437567000041 ], [ 0.7920784140854, 49.407602430116071 ], [ 0.197131812955502, 49.051017772659023 ], [ -1.351359340670262, 49.147069510885061 ], [ -1.87295636083894, 49.418207201455196 ], [ -1.939564581999943, 49.716457424000041 ] ]|1944|06|06||||06.06.1944|1|imp|Die Operation Neptune war ein Teil der unter dem Decknamen Operation Overlord durchgeführten Landung der Alliierten in der Normandie im Zweiten Weltkrieg. Neptune war hierbei der Sturmangriff auf die deutschen Befestigungen in der Normandie und die Etablierung eines Brückenkopfes. Die Operation Neptune begann mit den ersten größeren Übungsmanövern im Januar 1944 und gipfelte in der Landung der Alliierten in der Normandie am 6. Juni 1944, dem D-Day.|M-62|http://de.wikipedia.org/wiki/Operation_Neptune
H-63|Ardennenoffensive|Hellenthal|50.491|6.441|[ [ 5.804947550000104, 51.096623840000063 ], [ 6.338631102187715, 51.047467934774602 ], [ 6.538304961471042, 50.790574879653903 ], [ 6.782803564675116, 50.368795225943273 ], [ 6.636104402752672, 49.864495605041732 ], [ 6.318256218587376, 49.738248477259546 ], [ 6.713528960433962, 49.110071584916213 ], [ 5.792584221698617, 49.30441795006508 ], [ 4.704565437440489, 49.759312527786086 ], [ 5.1854126904085, 50.415557720124809 ], [ 5.69070980369692, 50.883219778905712 ], [ 5.804947550000104, 51.096623840000063 ] ]|1944|12|16|1944|12|24|1944|0|norm|Die Ardennenoffensive (auch Rundstedt-Offensive) oder Unternehmen „Wacht am Rhein“, dann umbenannt in Unternehmen „Herbstnebel“[1], war der letzte Versuch des Dritten Reiches, den westalliierten Kräften eine große Niederlage zuzufügen und den Hafen von Antwerpen zurückzuerobern. Ohne den Hafen hätten die Alliierten nicht die Nachschubmengen anlanden können, die sie für ihren weiteren Vormarsch brauchten.|M-63|http://de.wikipedia.org/wiki/Ardennenoffensive
H-64|Befreiung Konzentrationslager Auschwitz-Birkenau|Auschwitz|50.034|19.210||1945|01|27||||27.01.1945|0|norm|Zwischen dem 17. Januar 1945 und dem 23. Januar wurden etwa 60.000 Häftlinge evakuiert und in Todesmärschen nach Westen getrieben. In den Lagern und Außenstellen blieben etwa 7500 Häftlinge zurück, die zu schwach oder zu krank zum Marschieren waren. Mehr als 300 wurden erschossen; man nimmt an, dass eine geplante Vernichtungsaktion nur durch das rasche Vorrücken der Roten Armee verhindert wurde. Zuerst wurde das Hauptlager Monowitz am Vormittag des 27. Januar 1945 durch die sowjetischen Truppen (322. Infanteriedivision der 60. Armee der 1. Ukrainischen Front unter dem Oberbefehl von Generaloberst Pawel Alexejewitsch Kurotschkin) befreit.|M-64|http://de.wikipedia.org/wiki/KZ_Auschwitz-Birkenau#Todesm.C3.A4rsche_und_Befreiung
H-65|Konferenz von Jalta|Jalta|44.495|34.166||1945|02|04|1945|02|11|1945|1|imp|Die Konferenz von Jalta (auch: Krim-Konferenz) war ein diplomatisches Treffen der alliierten Staatschefs Franklin D. Roosevelt (USA), Winston Churchill (Vereinigtes Königreich) und Josef Stalin (UdSSR) im auf der Krim gelegenen Badeort Jalta vom 4. bis zum 11. Februar 1945. Es war das zweite von insgesamt drei alliierten Gipfeltreffen der „Großen Drei“ während des Zweiten Weltkriegs (1939–1945). Themen der Konferenz waren vor allem die Aufteilung Deutschlands, die Machtverteilung in Europa nach dem Ende des Krieges und der Krieg gegen das Japanische Kaiserreich. Ort der Konferenz war der Liwadija-Palast.|M-65|http://de.wikipedia.org/wiki/Konferenz_von_Jalta
H-66|Luftangriffe auf Dresden|Dresden|51.050|13.737||1945|02|13|1945|02|15|1945|0|norm|Luftangriffe auf Dresden – den Großraum der Stadt – unternahmen die Royal Air Force (RAF) und die United States Army Air Forces (USAAF) seit Herbst 1944 im Zweiten Weltkrieg. Historisch bekannt wurden besonders die vier Angriffswellen vom 13. bis 15. Februar 1945. Durch sie starben nach neuesten historischen Untersuchungen (entgegen oft behaupteten sechsstelligen Opferzahlen) zwischen 22.700 und 25.000 Menschen. Große Teile der Innenstadt und der industriellen und militärischen Infrastruktur Dresdens wurden zerstört.|M-66|http://de.wikipedia.org/wiki/Luftangriffe_auf_Dresden
H-67|Selbstmord Adolf Hitlers|Berlin|52.520|13.405||1945|04|30||||30.04.1945|0|norm|Am 30. April mittags verteilte er Giftampullen mit Zyankali oder Blausäure an seine Begleiter und erlaubte ihnen private Ausbruchsversuche. Die Wirkung des Gifts ließ er vorher an seiner Schäferhündin erproben, ohne dabei anwesend zu sein. Etwa um 15:30 Uhr schluckte Eva Braun Gift; Hitler erschoss sich.[396] Ihre Leichen wurden von Martin Bormann, Heinz Linge, Otto Günsche und einigen Leibwächtern aus dem Führerbegleitkommando im Garten der Neuen Reichskanzlei wie befohlen verbrannt und die verkohlten Überreste in einem Granattrichter beigesetzt.|M-67|http://de.wikipedia.org/wiki/Adolf_Hitler#Ende_im_Bunker
H-68|Bedingungslose Kapitulation der Wehrmacht|Reims|49.258|4.032||1945|05|07||||07.05.1945|1|imp|Die bedingungslose Kapitulation der deutschen Wehrmacht im Zweiten Weltkrieg, die zum Ende der militärischen Feindseligkeiten der Alliierten gegen das nationalsozialistische Deutsche Reich führte,[1][2] wurde am 7. Mai 1945 im Obersten Hauptquartier der Alliierten Expeditionsstreitkräfte in Reims unterzeichnet und trat am 8. Mai um 23:01 Uhr MEZ[3] in Kraft. Die Kapitulation­serklärung wurde aus protokollarischen Gründen in Berlin-Karlshorst im Hauptquartier der sowjetischen 5. Armee am 8./9. Mai wiederholt. Die deutsche Staats- und Wehrmacht­führung räumte damit den alliierten Siegermächten das Recht ein, alle politischen, militärischen und gesellschaftlichen Angelegenheiten Deutschlands zu regeln.|M-68|http://de.wikipedia.org/wiki/Bedingungslose_Kapitulation_der_Wehrmacht
H-69|Gründung der UNO|San Francisco|37.775|-122.419||1945|06|26||||26.06.1945|1|imp|Ihre Wurzeln haben die Vereinten Nationen in den Haager Friedenskonferenzen und im Völkerbund, der nach dem Ersten Weltkrieg mit dem Ziel gegründet wurde, den Frieden auf der Welt dauerhaft zu sichern. Allerdings erhielt der Völkerbund durch mangelndes Beitrittsinteresse (so waren etwa die USA kein Mitglied im Völkerbund) nicht den nötigen Einfluss, um seine Ziele durchsetzen zu können, und war mit Ausbruch des Zweiten Weltkrieges praktisch gescheitert.|M-69|http://de.wikipedia.org/wiki/Vereinte_Nationen#Gr.C3.BCndung
H-70|Potsdamer Konferenz|Potsdam|52.391|13.064||1945|07|17|1945|08|02|1945|1|imp|Die Potsdamer Konferenz vom 17. Juli bis zum 2. August 1945 im Potsdamer Schloss Cecilienhof, offiziell als Dreimächtekonferenz von Berlin bezeichnet, war ein Treffen der drei Hauptalliierten des Zweiten Weltkriegs nach dem Ende der Kampfhandlungen in Europa zur Beratung auf höchster Ebene über das weitere Vorgehen.|M-70|http://de.wikipedia.org/wiki/Potsdamer_Konferenz
H-71|Potsdamer Abkommen|Potsdam|52.391|13.064||1945|08|02||||02.08.1945|0|norm|Das Potsdamer Abkommen war das Ergebnis der Potsdamer Konferenz auf Schloss Cecilienhof in Potsdam nach Ende des Zweiten Weltkrieges in Europa. Auf der Konferenz wurden hierzu unter anderem die politische und geografische Neuordnung Deutschlands, seine Entmilitarisierung, die von Deutschland zu entrichtenden Reparationen und der Umgang mit deutschen Kriegsverbrechern verhandelt und am 2. August 1945 festgeschrieben.|M-71|http://de.wikipedia.org/wiki/Potsdamer_Abkommen
H-72|Atombombenabwürfe auf Hiroshima und Nagasaki|Hiroshima und Nagasaki|34.385|132.455||1945|08|06|1945|08|09|1945|1|imp|Die US-amerikanischen Atombombenabwürfe auf Hiroshima und Nagasaki vom 6. und 9. August 1945 waren der erste und bislang einzige Einsatz von Atomwaffen in einem Krieg. Die Abwürfe trugen erheblich dazu bei, dass kurz darauf Kaiser Hirohito mit der Rede vom 15. August die Beendigung des „Großostasiatischen Krieges“ bekanntgab. Mit der Kapitulation Japans endete am 2. September der Zweite Weltkrieg auch in Asien, nachdem er in Europa mit der Kapitulation der deutschen Wehrmacht bereits seit dem 8. Mai 1945 beendet war.|M-72|http://de.wikipedia.org/wiki/Atombombenabw%C3%BCrfe_auf_Hiroshima_und_Nagasaki
H-73|Kapitulation Japans|Tokio|34.385|132.455||1945|09|02||||02.09.1945|1|imp|Die Kapitulation des japanischen Kaiserreichs am 2. September 1945 beendete die letzten zwischenstaatlichen Feindseligkeiten des Zweiten Weltkriegs, nachdem dieser in Europa bereits vorüber war. Spätestens seit Ende Juli 1945 war die japanische Marine nicht mehr zu größeren Operationen in der Lage und eine alliierte Invasion der japanischen Hauptinseln erschien wahrscheinlich.|M-73|http://de.wikipedia.org/wiki/Kapitulation_Japans
H-74|Truman-Doktrin|Washington D.C.|38.907|-77.037||1947|03|12||||12.03.1947|1|imp|Am 12. März 1947 verkündete der US-amerikanische Präsident Harry S. Truman vor dem US-Kongress die sogenannte Truman-Doktrin. Nach dieser Doktrin sollte es zum außenpolitischen Grundsatz der USA werden, „freien Völkern beizustehen, die sich der angestrebten Unterwerfung durch bewaffnete Minderheiten oder durch äußeren Druck widersetzen“. Unmittelbares Ziel des Präsidenten war es, Zustimmung zu erhalten für eine Militär- und Wirtschaftshilfe zugunsten der Türkei sowie antikommunistischer Kräfte im Griechischen Bürgerkrieg. Die Truman-Doktrin bedeutete das Ende der amerikanischen Kriegskoalition mit der Sowjetunion und markiert den Beginn des Kalten Krieges.|M-74|http://de.wikipedia.org/wiki/Truman-Doktrin
H-75|Marshallplan|Washington D.C.|38.907|-77.037||1948|04|03||||03.04.1948|1|imp|Der Marshallplan, offiziell European Recovery Program (kurz ERP) genannt, war ein großes Wirtschaftswiederaufbauprogramm der USA, das nach dem Zweiten Weltkrieg dem an den Folgen des Krieges leidenden Westeuropa zugutekam. Es bestand aus Krediten, Rohstoffen, Lebensmitteln und Waren.|M-75|http://de.wikipedia.org/wiki/Marshallplan
H-76|Gründung der NATO|Brüssel|50.850|4.352||1949|04|04||||04.04.1949|1|imp|Die NATO (englisch North Atlantic Treaty Organization „Organisation des Nordatlantikvertrags“ bzw. Nordatlantikpakt-Organisation; im Deutschen häufig als Atlantisches Bündnis bezeichnet) oder OTAN (französisch Organisation du Traité de l’Atlantique Nord) ist eine Internationale Organisation, die den Nordatlantikvertrag, ein militärisches Bündnis von 28 europäischen und nordamerikanischen Staaten, umsetzt.|M-76|http://de.wikipedia.org/wiki/NATO
H-77|Gründung der BRD|Bonn|50.737|7.098||1949|05|28||||28.05.1949|1|imp|Das Grundgesetz wurde von den Landtagen angenommen, es gab keine Volksabstimmung. Nur Bayern verweigerte sich, weil es den Mangel an Föderalismus kritisierte, trotzdem akzeptierte der Freistaat die Gültigkeit der provisorischen Bundesverfassung auch für sich. So trat das Grundgesetz nach seiner Verkündung am 23. Mai 1949 mit Anbruch des 24. Mai 1949 in Kraft: Die Bundesrepublik Deutschland war entstanden. Das Grundgesetz ist von der überwiegenden Mehrheit der Bürger als rechtliche Grundordnung akzeptiert worden.|M-77|http://de.wikipedia.org/wiki/Geschichte_der_Bundesrepublik_Deutschland_(bis_1990)#Gr.C3.BCndung_der_Bundesrepublik_Deutschland_1949
H-78|Gründung der DDR|Berlin|52.520|13.405||1949|10|07||||07.10.1949|1|imp|Die Deutsche Demokratische Republik wurde am 7. Oktober 1949 (Tag der Republik) gegründet – wenige Monate nach der Gründung der Bundesrepublik Deutschland. An diesem Tag wurde die Verfassung der Deutschen Demokratischen Republik in Kraft gesetzt, die bereits seit Oktober 1948 vorlag. Der Zweite Deutsche Volksrat konstituierte sich als provisorische Volkskammer und beauftragte Otto Grotewohl als Ministerpräsidenten mit der Bildung einer Regierung. Sein Kollege im Vorsitz der SED, Wilhelm Pieck, wurde am 11. Oktober als Präsident der DDR gewählt.|M-78|http://de.wikipedia.org/wiki/Deutsche_Demokratische_Republik#Gr.C3.BCndung_der_DDR_und_Aufbau_des_Sozialismus_.281949.E2.80.931961.29
H-79|Stalin-Noten|Moskau|55.756|37.617||1952|03|10||||10.03.1952|1|imp|Am 10. März 1952 bot Josef Stalin den Westmächten (Frankreich, Großbritannien, USA) in einer Note Verhandlungen über die Wiedervereinigung und Neutralisierung Deutschlands an. Diese Note und die Erwiderungen Stalins auf die Antworten der Westmächte werden als Stalin-Noten bezeichnet.|M-79|http://de.wikipedia.org/wiki/Stalin-Noten
H-80|Tod Stalins|Kunzewo|55.730|37.424||1953|03|05||||05.03.1953|0|norm|Am Abend des 28. Februar 1953 traf sich Stalin mit Lawrenti Beria, Georgi Malenkow, Nikolai Bulganin und Nikita Chruschtschow zum Abendessen auf seiner Datscha in Kunzewo. Die Unterredung, gegen deren Ende Stalin in einem langen Monolog seine Mitarbeiter heftig kritisierte, dauerte bis vier Uhr am Morgen des 1. März 1953. Nach der Verabschiedung seiner Gäste erlitt Stalin in seinem Zimmer unbemerkt einen Schlaganfall. Erst um 23 Uhr wagte sich der diensthabende Mitarbeiter M. Starostin zu Stalin, den er in Pyjamahose und Unterhemd auf dem Fußboden liegend fand.|M-80|http://de.wikipedia.org/wiki/Josef_Stalin#Tod
H-81|Aufstand des 17. Juni|Berlin|52.520|13.405||1953|06|17||||17.06.1953|1|imp|Als Aufstand des 17. Juni (auch Volksaufstand oder Arbeiteraufstand) werden die Ereignisse bezeichnet, bei denen es in den Tagen um den 17. Juni 1953 in der DDR zu einer Welle von Streiks, Demonstrationen und Protesten kam, die verbunden waren mit politischen und wirtschaftlichen Forderungen. Er wurde von der Roten Armee blutig niedergeschlagen.|M-81|http://de.wikipedia.org/wiki/Aufstand_des_17._Juni
H-82|Gründung Warschauer Pakt|Warschau|52.230|21.012||1955|06|04||||04.06.1955|1|imp|Der Warschauer Pakt war ein Ergebnis der seit 1947 zunehmenden Spannungen zwischen den Alliierten desZweiten Weltkrieges sowie zwischen der Bundesrepublik Deutschland und der UdSSR. Im Westen wurde die Expansion der Sowjetunion und die Bildung von Satellitenstaaten als massive Bedrohung für die westlichen Demokratien empfunden, die man durch die Gründung der NATO im April 1949 einzudämmen versuchte. Die Staaten des späteren sozialistischen Lagers in Europa standen seit dem Einmarsch sowjetischer Truppen 1944/45 unter dem Einfluss der UdSSR.|M-82|http://de.wikipedia.org/wiki/Warschauer_Pakt#Vorgeschichte_und_Gr.C3.BCndungskonferenz
H-83|Sputnik 1|Baikonur|45.617|63.317||1957|10|04||||04.10.1957|0|norm|Sputnik 1 (russisch Спутник für Weggefährte[2], Begleiter, Trabant (der Erde)) war der erste künstliche Erdsatellit. Mit ihm begann am 4. Oktober 1957 das Zeitalter der Raumfahrt.|M-83|http://de.wikipedia.org/wiki/Sputnik_1
H-84|Mauerbau|Berlin|52.520|13.405||1961|08|13||||13.08.1961|1|imp|Die Berliner Mauer war während der Teilung Deutschlands ein hermetisch abriegelndes Grenzbefestigungssystem der Deutschen Demokratischen Republik (DDR), das mehr als 28 Jahre lang bestand, vom 13. August 1961 bis zum 9. November 1989. Es trennte nicht nur die Verbindungen im Stadtgebiet Groß-Berlins zwischen dem Ostteil („Hauptstadt der DDR“) und dem Westteil, sondern umschloss völlig alle drei Sektoren des Westteils und unterbrach damit auch jegliche Verbindung der Stadt zum im DDR-Bezirk Potsdam gelegenen Berliner Umland.|M-84|http://de.wikipedia.org/wiki/Berliner_Mauer#Mauerbau
H-85|Attentat auf John F. Kennedy|Dallas|32.780|-96.800||1963|11|22||||22.11.1963|0|norm|Bei dem Attentat auf John F. Kennedy, den 35. Präsidenten der Vereinigten Staaten von Amerika, am 22. November 1963 in Dallas wurde Kennedy (1917–1963) von zwei Gewehrschüssen tödlich getroffen. Als Tatverdächtiger wurde Lee Harvey Oswald (1939–1963) verhaftet und zwei Tage später in Polizeigewahrsam von dem Nachtclubbesitzer Jack Ruby (1911–1967) getötet.|M-85|http://de.wikipedia.org/wiki/Attentat_auf_John_F._Kennedy
H-86|Apollo 11|Kennedy Space Center|28.573|-80.649||1969|07|20||||20.07.1969|0|norm|Apollo 11 war eine Raumfahrtmission im Rahmen des Apollo-Programms der US-amerikanischen Raumfahrtbehörde NASA und der erste bemannte Flug zum Mond, der eine Landung und eine sichere Rückkehr auf die Erde zum Ziel hatte. Die Mission verlief erfolgreich und erfüllte die 1961 von US-Präsident John F. Kennedy erteilte Aufgabe an die Nation, noch vor Ende des Jahrzehnts einen Menschen zum Mond und wieder sicher zurück zur Erde zu bringen.|M-86|http://de.wikipedia.org/wiki/Apollo_11
H-87|Viermächteabkommen über Berlin|Berlin-Schöneberg|52.520|13.405||1971|09|03||||03.09.1971|1|imp|Im Viermächteabkommen über Berlin oder Berliner Viermächteabkommen, kurz Berlinabkommen (auch: Berlin-Abkommen[1]), in der DDR als Vierseitiges Abkommen bezeichnet, wurden zwischen den vier Besatzungsmächten, den Vereinigten Staaten, dem Vereinigten Königreich, Frankreich und der Sowjetunionim Rahmen der beginnenden Entspannung im Ost-West-Konflikt die Grundlagen zum Rechtsstatus der geteilten Stadt, dem Verhältnis West-Berlins zurBundesrepublik Deutschland sowie der Zugang zu West-Berlin festgelegt.|M-87|http://de.wikipedia.org/wiki/Vierm%C3%A4chteabkommen_%C3%BCber_Berlin
H-88|KSZE-Konferenz|Genf|46.198|6.142||1973|09|18|1975|07|21|1973-1975|1|imp|Die Konferenz über Sicherheit und Zusammenarbeit in Europa (KSZE) war eine Folge von blockübergreifenden Konferenzen der europäischen Staaten zur Zeit des Ost-West-Konfliktes. Die erste Konferenz fand vor allem auf Initiative des Warschauer Paktes ab dem 3. Juli 1973 in Helsinki statt. Teilnehmer waren 35 Staaten: die USA, Kanada, die Sowjetunion und alle europäischen Staaten mit Ausnahme von Albanien und Andorra, welche erst später der KSZE beitraten. 1995 wurde die KSZE institutionalisiert mit dem Nachfolger Organisation für Sicherheit und Zusammenarbeit in Europa (OSZE).|M-88|http://de.wikipedia.org/wiki/Konferenz_%C3%BCber_Sicherheit_und_Zusammenarbeit_in_Europa
H-89|KSZE-Schlussakte|Helsinki|60.173|24.941||1975|08|01||||01.08.1975|0|norm|Nach zweijährigen Verhandlungen vom 18. September 1973 bis zum 21. Juli 1975 in Genf wurde am 1. August 1975 die KSZE-Schlussakte in Helsinki unterschrieben. Die unterzeichnenden Staaten verpflichteten sich in dieser Absichtserklärung zur Unverletzlichkeit der Grenzen, zur friedlichen Regelung von Streitfällen, zur Nichteinmischung in die inneren Angelegenheiten anderer Staaten sowie zur Wahrung der Menschenrechte und Grundfreiheiten. Außerdem wurde die Zusammenarbeit in den Bereichen Wirtschaft, Wissenschaft und Umwelt vereinbart. In Folgekonferenzen sollte die Umsetzung der KSZE-Schlussakte in den einzelnen Staaten geprüft werden.|M-89|http://de.wikipedia.org/wiki/Konferenz_%C3%BCber_Sicherheit_und_Zusammenarbeit_in_Europa#Schlussakte_von_Helsinki
H-90|NATO-Doppelbeschluss|Brüssel|50.850|4.352||1979|12|12||||12.12.1979|1|imp|Der Doppelbeschluss der NATO vom 12. Dezember 1979 bestand aus zwei Teilen. Beide Teile, „Nachrüstung“ und Rüstungskontrolle, sollten einander ergänzen und „parallel“ vollzogen werden.|M-90|http://de.wikipedia.org/wiki/NATO-Doppelbeschluss
H-91|Nuklearkatastrophe von Tschernobyl|Tschernobyl|51.272|30.224||1986|04|26||||26.04.1986|0|norm|Die Nuklearkatastrophe von Tschernobyl ereignete sich am 26. April 1986 in Block 4 des Kernkraftwerks Tschernobyl nahe der ukrainischen Stadt Prypjat. Als erstes Ereignis wurde sie auf der siebenstufigen internationalen Bewertungsskala für nukleare Ereignisse als katastrophaler Unfall eingeordnet.|M-91|http://de.wikipedia.org/wiki/Nuklearkatastrophe_von_Tschernobyl
H-92|Mauerfall|Berlin|52.520|13.405||1989|11|09||||09.11.1989|1|imp|Die Berliner Mauer fiel in der Nacht von Donnerstag, dem 9. November, auf Freitag, den 10. November 1989, nach über 28 Jahren ihrer Existenz. Die Vorbereitung einer von Seiten der DDR-Regierung kontrollierten Öffnung der Mauer begannen bereits im Oktober 1989: Walter Momper, damals Regierender Bürgermeister von West-Berlin, wusste nach eigenen Angaben seit dem 29. Oktober davon aus einem Gespräch mit Ost-Berlins SED-Chef Günter Schabowski und Ost-Berlins Oberbürgermeister Erhard Krack und traf seinerseits entsprechende Vorbereitungen für eine Öffnung der Mauer im Dezember 1989.|M-92|http://de.wikipedia.org/wiki/Berliner_Mauer#Mauerfall
H-93|Einigungsvertrag|Berlin|52.520|13.405||1990|08|31||||31.08.1990|0|norm|Der Einigungsvertrag ist der Vertrag zwischen der Bundesrepublik Deutschland und der Deutschen Demokratischen Republik über die Auflösung der DDR, ihren Beitritt zur Bundesrepublik Deutschland und die deutsche Einheit.|M-93|http://de.wikipedia.org/wiki/Einigungsvertrag
H-94|Zwei-Plus-Vier-Vertrag|Moskau|55.756|37.617||1990|09|12||||12.09.1990|0|norm|Der Zwei-plus-Vier-Vertrag (vollständiger amtlicher Titel: Vertrag über die abschließende Regelung in bezug auf Deutschland; daher auch kurz als Regelungsvertrag bezeichnet) ist ein Staatsvertragzwischen der Bundesrepublik Deutschland, der Deutschen Demokratischen Republik sowie Frankreich, der Sowjetunion, Großbritannien und den Vereinigten Staaten. Er machte den Weg für die Wiedervereinigung Deutschlands frei, wurde am 12. September 1990 in Moskau unterzeichnet und trat am 15. März 1991, dem Tag der Hinterlegung der letzten Ratifikationsurkunde, mit einer offiziellen Zeremonie in Kraft.|M-94|http://de.wikipedia.org/wiki/Zwei-plus-Vier-Vertrag
H-95|Tag der Deutschen Einheit|Berlin|52.520|13.405||1990|10|03||||03.10.1990|0|norm|Der 3. Oktober wurde als Tag der Deutschen Einheit im Einigungsvertrag 1990 zum gesetzlichen Feiertag in Deutschland bestimmt.[1] Als deutscherNationalfeiertag erinnert er an die deutsche Wiedervereinigung, die „mit dem Wirksamwerden des Beitritts der Deutschen Demokratischen Republik zur Bundesrepublik Deutschland […] am 3. Oktober 1990“[2] „vollendet“ wurde.[3] Somit wurden Brandenburg, Mecklenburg-Vorpommern, Sachsen,Sachsen-Anhalt und Thüringen sowie Berlin in seiner Gesamtheit die neuen Länder der Bundesrepublik Deutschland.|M-95|http://de.wikipedia.org/wiki/Tag_der_Deutschen_Einheit
H-96|Vertrag über Konventionelle Streitkräfte in Europa|Paris|48.857|2.352||1990|11|19||||19.11.1990|0|norm|Der Vertrag über Konventionelle Streitkräfte in Europa (KSE-Vertrag) – englisch Conventional Forces in Europe Treaty (CFE) – wurde am 19. November 1990 anlässlich des KSZE-Gipfeltreffens in Parisvon den 22 Regierungschefs der Länder des Staatenbundes „North Atlantic Treaty Organization“ (NATO) und des damaligen Warschauer Paktes (WP) unterzeichnet. Am 17. Juli 1992 trat er vorläufig, am 9. November 1992 endgültig in Kraft. Erfolglose Vorläufer der Verhandlungen zum KSE-Vertrag waren die MBFR-Verhandlungen von 1973 bis 1989.||http://de.wikipedia.org/wiki/Vertrag_%C3%BCber_Konventionelle_Streitkr%C3%A4fte_in_Europa
H-97|Augustputsch in Moskau|Moskau|55.756|37.617||1991|08|19|1991|08|21|1991|0|norm|Während des Augustputsches in Moskau vom 19. bis 21. August 1991 setzte das Staatskomitee für den Ausnahmezustand, eine Gruppe Funktionäre derKommunistischen Partei der Sowjetunion (KPdSU), den Staatspräsidenten Michail Gorbatschow ab und versuchte, das Land unter seine Kontrolle zu bringen.|M-97|http://de.wikipedia.org/wiki/Augustputsch_in_Moskau
H-98|Auflösung der Sowjetunion|Moskau|55.756|37.617||1991|12|26||||26.12.1991|0|norm|Boris Jelzin, der in der ersten demokratischen Präsidentschaftswahl des Landes am 12. Juni 1991 zum Präsidenten Russlands gewählt wurde, übernahm die Kontrolle über Medien und Schlüsselministerien. Schrittweise demontierte und entmachtete er Präsident Gorbatschow, der am 25. Dezember 1991 als Präsident der UdSSR zurücktrat und die Amtsgeschäfte an Jelzin als Präsidenten der Russischen Föderation übergab. Symbolträchtig wurde um 19:32 Uhr Moskauer Zeit die Flagge der Sowjetunion mit Hammer und Sichel eingeholt und die weiß-blau-rote Flagge Russlands aufgezogen.|M-98|http://de.wikipedia.org/wiki/Geschichte_der_Sowjetunion#Aufl.C3.B6sung_der_Sowjetunion
